"","gndr","maritala","health","agdcyngn","agdcoldn","eduyrsn","agean"
"41239","Female","In a civil partnership","Fair",40,70,"15","26"
"41240","Male","Never married and never in civil partnership","Good",30,55,"11","18"
"41241","Female","Married","Fair",30,55,"8","50"
"41242","Male","Married","Bad",50,75,"11","83"
"41243","Female","Married","Bad",40,70,"12","59"
"41244","Male","Divorced","Good",35,65,"12","44"
"41245","Female","Divorced","Fair",65,75,"12","68"
"41246","Male","Never married and never in civil partnership","Fair",30,60,"12","18"
"41247","Female","Married","Good",35,70,"15","55"
"41248","Female","Divorced","Fair",30,60,"12","50"
"41249","Female","Married","Fair",35,60,"12","27"
"41250","Female","In a civil partnership","Good",30,60,"15","22"
"41251","Male","Married","Bad",70,70,"7","76"
"41252","Male","Never married and never in civil partnership","Good",60,60,"16","25"
"41253","Female","Married","Good",60,75,"12","61"
"41254","Female","Married","Bad",50,50,"8","52"
"41255","Female","Never married and never in civil partnership","Very good",30,60,"12","18"
"41256","Female","Never married and never in civil partnership","Good",40,55,"12","31"
"41257","Male","Married","Good",50,65,"15","61"
"41258","Female","Married","Fair",50,50,"12","34"
"41259","Female","Never married and never in civil partnership","Good",25,55,"9","15"
"41260","Female","Married","Good",50,80,"11","66"
"41261","Female","Never married and never in civil partnership","Good",30,45,"11","17"
"41262","Female","Divorced","Fair",50,70,"8","72"
"41263","Female","Divorced","Good",35,35,"12","46"
"41264","Female","Married","Good",40,60,"11","39"
"41265","Male","Married","Fair",65,70,"11","74"
"41266","Female","Never married and never in civil partnership","Good",25,45,"11","18"
"41267","Female","Divorced","Good",35,65,"11","72"
"41268","Male","Married","Fair",70,70,"7","73"
"41269","Female","Married","Good",50,60,"12","34"
"41270","Female","Never married and never in civil partnership","Good",50,60,"10","17"
"41271","Male","Never married and never in civil partnership","Good",45,65,"12","20"
"41272","Male","Never married and never in civil partnership","Fair",35,36,"9","16"
"41273","Female","Divorced","Bad",67,70,"8","34"
"41274","Female","Divorced","Fair",55,60,"8","63"
"41275","Female","Married","Fair",60,61,"6","76"
"41276","Male","Divorced","Good",30,70,"12","46"
"41277","Female","Divorced","Fair",40,80,"7","70"
"41278","Male","Married","Fair",40,80,"7","65"
"41279","Female","Married","Fair",40,70,"3","43"
"41280","Male","Never married and never in civil partnership","Good",40,65,"13","21"
"41281","Female","Married","Fair",50,55,"1","77"
"41282","Female","In a civil partnership","Good",50,80,"13","25"
"41283","Female","Married","Fair",45,85,"4","62"
"41284","Male","Married","Good",40,60,"11","39"
"41285","Female","Married","Bad",40,70,"12","41"
"41286","Male","Married","Bad",30,75,"14","36"
"41287","Female","Married","Fair",50,80,"13","50"
"41288","Female","Married","Good",60,80,"14","65"
"41289","Male","Divorced","Bad",50,60,"11","56"
"41290","Female","Never married and never in civil partnership","Bad",40,60,"11","64"
"41291","Male","Married","Fair",50,70,"11","57"
"41292","Male","Married","Fair",40,70,"16","49"
"41293","Female","Married","Bad",50,80,"8","68"
"41294","Female","Married","Good",30,60,"8","47"
"41295","Female","Married","Bad",60,65,"5","72"
"41296","Male","Never married and never in civil partnership","Good",30,60,"12","19"
"41297","Female","Divorced","Fair",40,80,"5","83"
"41298","Male","Never married and never in civil partnership","Good",30,70,"9","40"
"41299","Female","Divorced","Bad",50,50,"12","66"
"41300","Male","Never married and never in civil partnership","Good",50,70,"17","23"
"41301","Female","Divorced","Fair",40,70,"7","88"
"41302","Female","Married","Good",50,65,"11","35"
"41303","Female","Divorced","Fair",60,70,"7","87"
"41304","Female","Never married and never in civil partnership","Good",40,40,"12","20"
"41305","Female","Married","Fair",30,50,"7","70"
"41306","Male","Never married and never in civil partnership","Fair",40,60,"11","21"
"41307","Female","Married","Fair",60,70,"7","75"
"41308","Female","Married","Very good",50,65,"28","40"
"41309","Male","Never married and never in civil partnership","Very good",20,55,"15","25"
"41310","Female","Never married and never in civil partnership","Very good",27,55,"15","22"
"41311","Male","Never married and never in civil partnership","Very good",30,60,"11","19"
"41312","Female","Never married and never in civil partnership","Good",45,50,"10","16"
"41313","Male","Never married and never in civil partnership","Good",30,55,"10","17"
"41314","Male","Married","Fair",30,70,"11","62"
"41315","Female","Divorced","Bad",25,60,"11","46"
"41316","Male","Married","Fair",60,80,"12","61"
"41317","Male","In a civil partnership","Fair",35,60,"12","28"
"41318","Female","Married","Fair",70,60,"7","73"
"41319","Male","Never married and never in civil partnership","Good",30,50,"13","21"
"41320","Male","Never married and never in civil partnership","Good",30,60,"10","29"
"41321","Female","Married","Fair",50,75,"9","53"
"41322","Male","Married","Fair",70,70,"15","53"
"41323","Male","Married","Good",55,60,"17","63"
"41324","Male","Married","Fair",50,65,"14","78"
"41325","Female","Married","Good",50,65,"13","68"
"41326","Male","Married","Fair",60,65,"12","74"
"41327","Male","Never married and never in civil partnership","Very good",30,45,"2","17"
"41328","Male","Married","Good",50,65,"3","75"
"41329","Female","Married","Good",40,60,"17","49"
"41330","Female","Married","Good",65,66,"12","39"
"41331","Female","Married","Fair",47,55,"13","52"
"41332","Female","Married","Fair",40,50,"8","62"
"41333","Male","Married","Bad",40,60,"11","40"
"41334","Female","Never married and never in civil partnership","Bad",25,50,"12","63"
"41335","Female","Married","Fair",40,65,"11","61"
"41336","Male","In a civil partnership","Very good",38,60,"16","25"
"41337","Female","Never married and never in civil partnership","Good",40,60,"14","42"
"41338","Female","Married","Good",40,65,"15","56"
"41339","Male","Married","Fair",50,60,"15","65"
"41340","Female","Married","Fair",45,60,"14","53"
"41341","Female","Married","Fair",39,60,"15","64"
"41342","Female","Married","Very good",45,80,"12","44"
"41343","Female","Divorced","Bad",65,66,"11","74"
"41344","Female","Divorced","Bad",50,70,"15","87"
"41345","Female","Never married and never in civil partnership","Fair",27,70,"14","19"
"41346","Male","Never married and never in civil partnership","Very good",28,65,"14","25"
"41347","Female","Married","Good",56,50,"12","42"
"41348","Male","Never married and never in civil partnership","Good",60,65,"12","22"
"41349","Male","Never married and never in civil partnership","Good",20,60,"10","17"
"41350","Female","Divorced","Bad",50,60,"13","83"
"41351","Male","Married","Fair",65,70,"7","76"
"41352","Female","Divorced","Fair",40,70,"5","74"
"41353","Female","Married","Bad",50,60,"7","70"
"41354","Male","Divorced","Bad",40,50,"7","69"
"41355","Male","Never married and never in civil partnership","Good",25,40,"11","22"
"41356","Male","Married","Fair",40,55,"18","40"
"41357","Female","Married","Bad",60,80,"8","87"
"41358","Male","Married","Very good",30,40,"15","40"
"41359","Female","Never married and never in civil partnership","Fair",40,40,"9","16"
"41360","Male","Never married and never in civil partnership","Fair",50,50,"15","27"
"41361","Male","Never married and never in civil partnership","Good",50,60,"11","41"
"41362","Male","Married","Good",70,90,"8","70"
"41363","Male","Married","Bad",50,65,"10","55"
"41364","Male","Married","Very good",70,80,"18","72"
"41365","Female","Divorced","Bad",35,50,"12","56"
"41366","Male","Never married and never in civil partnership","Very good",30,50,"10","28"
"41367","Male","Never married and never in civil partnership","Good",20,50,"16","23"
"41368","Male","Married","Bad",50,70,"8","60"
"41369","Male","In a civil partnership","Bad",35,50,"12","43"
"41370","Female","In a civil partnership","Fair",40,60,"12","27"
"41371","Male","Divorced","Good",40,41,"9","29"
"41372","Male","Married","Bad",40,70,"8","78"
"41373","Female","In a civil partnership","Good",40,50,"15","61"
"41374","Male","Never married and never in civil partnership","Good",30,65,"19","30"
"41375","Male","Never married and never in civil partnership","Very good",40,50,"11","18"
"41376","Male","Married","Fair",60,60,"7","74"
"41377","Female","Never married and never in civil partnership","Very good",45,65,"19","26"
"41378","Female","Divorced","Good",60,70,"8","75"
"41379","Female","Married","Fair",40,70,"17","48"
"41380","Female","In a civil partnership","Fair",50,60,"12","66"
"41381","Male","Married","Good",50,60,"11","40"
"41382","Female","In a civil partnership","Fair",45,50,"14","33"
"41383","Male","Never married and never in civil partnership","Very good",40,60,"13","25"
"41384","Male","In a civil partnership","Fair",42,55,"12","36"
"41385","Male","Married","Good",50,55,"13","38"
"41386","Male","Married","Good",50,60,"13","43"
"41387","Female","Married","Good",60,65,"12","49"
"41388","Male","Married","Fair",50,70,"12","67"
"41389","Male","Married","Good",50,70,"14","61"
"41390","Male","Married","Fair",50,60,"11","42"
"41391","Female","Married","Bad",40,70,"12","59"
"41392","Female","Divorced","Fair",60,75,"8","69"
"41393","Female","Married","Good",40,75,"12","30"
"41394","Male","Never married and never in civil partnership","Very good",30,60,"10","17"
"41395","Male","Never married and never in civil partnership","Good",50,70,"13","29"
"41396","Female","Married","Good",40,70,"12","38"
"41397","Female","Married","Bad",45,90,"8","58"
"41398","Female","Divorced","Good",40,55,"15","44"
"41399","Female","Married","Good",50,60,"12","41"
"41400","Female","Married","Fair",45,65,"11","67"
"41401","Male","Married","Good",30,70,"14","72"
"41402","Female","Married","Fair",45,50,"11","56"
"41403","Female","Never married and never in civil partnership","Good",45,65,"18","26"
"41404","Male","Never married and never in civil partnership","Good",20,70,"12","25"
"41405","Male","Married","Good",50,60,"18","52"
"41406","Male","In a civil partnership","Very good",42,55,"3","59"
"41407","Male","Never married and never in civil partnership","Fair",40,60,"3","30"
"41408","Male","In a civil partnership","Good",35,60,"4","50"
"41409","Female","Married","Fair",60,70,"11","74"
"41410","Female","Married","Very good",25,70,"14","56"
"41411","Female","In a civil partnership","Fair",70,71,"15","46"
"41412","Female","Married","Fair",50,75,"12","41"
"41413","Male","Married","Fair",70,68,"5","62"
"41414","Female","Divorced","Good",40,75,"2","63"
"41415","Male","In a civil partnership","Very good",60,70,"11","44"
"41416","Female","Married","Fair",40,70,"15","53"
"41417","Male","Married","Good",40,70,"16","33"
"41418","Male","Never married and never in civil partnership","Good",18,60,"8","15"
"41419","Female","Never married and never in civil partnership","Very good",35,65,"15","22"
"41420","Female","In a civil partnership","Fair",40,70,"14","50"
"41421","Male","Married","Good",30,50,"12","44"
"41422","Female","Never married and never in civil partnership","Good",25,55,"12","18"
"41423","Female","Never married and never in civil partnership","Good",40,60,"9","15"
"41424","Male","Married","Good",50,67,"11","43"
"41425","Female","Married","Fair",35,56,"14","54"
"41426","Male","Married","Very good",50,70,"16","38"
"41427","Male","In a civil partnership","Good",40,65,"11","33"
"41428","Female","Married","Good",40,60,"12","33"
"41429","Male","Married","Fair",50,70,"13","59"
"41430","Male","In a civil partnership","Good",35,60,"22","40"
"41431","Female","Married","Fair",40,60,"8","58"
"41432","Male","Never married and never in civil partnership","Good",60,80,"11","19"
"41433","Male","Married","Fair",40,55,"8","61"
"41434","Male","Married","Fair",30,45,NA,"73"
"41435","Male","Married","Fair",40,60,"15","66"
"41436","Male","Married","Bad",35,60,"8","83"
"41437","Female","Married","Fair",50,65,"12","61"
"41438","Female","Never married and never in civil partnership","Good",30,60,"12","24"
"41439","Female","In a civil partnership","Good",50,70,"12","33"
"41440","Male","Married","Good",40,60,"15","31"
"41441","Female","Divorced","Fair",30,50,"15","39"
"41442","Male","Never married and never in civil partnership","Good",30,31,"12","19"
"41443","Male","Married","Bad",60,70,"9","70"
"41444","Male","Married","Bad",60,70,"6","80"
"41445","Male","Married","Very good",50,70,"14","46"
"41446","Female","Never married and never in civil partnership","Fair",25,50,"17","23"
"41447","Female","Married","Good",35,60,"17","39"
"41448","Female","Never married and never in civil partnership","Very good",30,50,"14","18"
"41449","Female","In a civil partnership","Good",35,55,"16","28"
"41450","Female","Never married and never in civil partnership","Fair",30,50,"12","26"
"41451","Female","Divorced","Good",70,80,"10","65"
"41452","Female","Married","Good",55,75,"12","36"
"41453","Female","Married","Fair",50,60,"8","37"
"41454","Male","Married","Good",55,70,"9","46"
"41455","Female","Married","Good",55,70,"12","33"
"41456","Male","Married","Good",40,60,"12","46"
"41457","Male","In a civil partnership","Fair",40,60,"12","30"
"41458","Female","Divorced","Good",40,60,"12","25"
"41459","Male","Married","Good",50,70,"11","60"
"41460","Female","In a civil partnership","Good",30,70,"10","43"
"41461","Female","Divorced","Fair",45,60,"12","47"
"41462","Female","Divorced","Good",50,75,"14","61"
"41463","Female","Divorced","Bad",60,90,"5","72"
"41464","Female","Married","Fair",40,80,"8","45"
"41465","Male","Married","Good",60,80,"9","68"
"41466","Female","In a civil partnership","Good",40,70,"17","27"
"41467","Male","Never married and never in civil partnership","Good",30,60,"11","45"
"41468","Female","Married","Good",40,60,"12","62"
"41469","Female","Married","Fair",60,80,"8","73"
"41470","Male","In a civil partnership","Good",40,50,"13","37"
"41471","Female","Married","Fair",60,65,"6","64"
"41472","Male","In a civil partnership","Good",30,60,"14","27"
"41473","Female","Never married and never in civil partnership","Fair",35,65,"15","22"
"41474","Female","Divorced","Fair",25,80,"8","57"
"41475","Female","Married","Fair",60,80,"8","52"
"41476","Male","Divorced","Bad",45,60,"9","81"
"41477","Female","Married","Good",30,60,"8","61"
"41478","Male","Never married and never in civil partnership","Very good",30,60,"9","15"
"41479","Female","Never married and never in civil partnership","Fair",30,50,"12","22"
"41480","Female","Married","Good",45,60,"12","43"
"41481","Male","Married","Good",50,75,"12","44"
"41482","Male","In a civil partnership","Good",40,70,"18","28"
"41483","Male","Married","Good",70,71,"12","67"
"41484","Female","Married","Fair",50,80,"14","71"
"41485","Male","In a civil partnership","Very good",35,50,"16","30"
"41486","Male","Married","Fair",16,30,"12","25"
"41487","Male","In a civil partnership","Fair",30,40,"12","30"
"41488","Female","Married","Good",40,50,"12","42"
"41489","Female","In a civil partnership","Good",45,75,"11","51"
"41490","Female","Divorced","Good",50,70,"16","36"
"41491","Male","Married","Very good",50,70,"12","46"
"41492","Female","Married","Very good",40,70,"16","60"
"41493","Male","Never married and never in civil partnership","Very good",50,50,"11","21"
"41494","Female","Never married and never in civil partnership","Good",40,60,"15","21"
"41495","Female","Divorced","Fair",50,60,"5","77"
"41496","Male","Married","Bad",50,60,"11","60"
"41497","Male","Married","Good",55,60,"19","47"
"41498","Female","Married","Good",55,60,"16","43"
"41499","Male","Married","Good",30,60,"8","42"
"41500","Female","Never married and never in civil partnership","Fair",30,60,"17","23"
"41501","Female","Married","Fair",50,75,"8","51"
"41502","Male","Never married and never in civil partnership","Good",30,60,"5","20"
"41503","Male","Married","Fair",50,80,"12","40"
"41504","Male","Divorced","Very good",35,75,"15","46"
"41505","Male","Divorced","Good",30,60,"8","54"
"41506","Female","Married","Fair",40,60,"8","63"
"41507","Male","Never married and never in civil partnership","Very good",40,50,"8","15"
"41508","Male","Married","Good",60,80,"8","66"
"41509","Male","In a civil partnership","Fair",20,50,"17","24"
"41510","Female","In a civil partnership","Good",50,60,"16","25"
"41511","Male","Never married and never in civil partnership","Bad",45,55,"12","45"
"41512","Female","Married","Good",40,60,"15","52"
"41513","Female","Married","Good",40,60,"8","56"
"41514","Female","Married","Very good",50,70,"8","43"
"41515","Female","Divorced","Good",40,72,"20","51"
"41516","Female","Never married and never in civil partnership","Fair",40,60,"12","19"
"41517","Female","Married","Good",60,90,"12","63"
"41518","Female","Married","Bad",30,70,"14","59"
"41519","Female","Married","Bad",65,66,"17","76"
"41520","Female","Married","Good",25,70,"17","38"
"41521","Male","Never married and never in civil partnership","Good",45,68,"12","33"
"41522","Male","Never married and never in civil partnership","Good",40,70,"11","27"
"41523","Female","Divorced","Good",50,80,"12","49"
"41524","Female","Divorced","Fair",50,75,"12","39"
"41525","Female","Married","Very good",35,60,"17","45"
"41526","Male","Never married and never in civil partnership","Very good",60,80,"8","19"
"41527","Female","In a civil partnership","Good",60,50,"16","26"
"41528","Female","Married","Good",60,80,"15","40"
"41529","Male","Married","Very good",35,65,"17","37"
"41530","Male","Married","Good",35,65,"19","47"
"41531","Male","Never married and never in civil partnership","Good",35,60,"4","28"
"41532","Male","In a civil partnership","Good",50,60,"18","58"
"41533","Female","Divorced","Good",50,60,"8","54"
"41534","Female","Married","Fair",40,80,"11","47"
"41535","Female","Never married and never in civil partnership","Good",40,60,"18","25"
"41536","Male","In a civil partnership","Fair",18,65,"10","47"
"41537","Female","Divorced","Bad",40,75,"8","62"
"41538","Female","Never married and never in civil partnership","Very good",65,70,"14","25"
"41539","Male","Never married and never in civil partnership","Good",35,60,"8","41"
"41540","Male","Married","Bad",50,80,"8","77"
"41541","Female","Married","Very good",60,75,"17","44"
"41542","Female","Married","Fair",50,70,"11","50"
"41543","Female","Married","Fair",40,60,"4","73"
"41544","Female","Divorced","Bad",30,60,"12","82"
"41545","Male","Married","Fair",50,50,"9","65"
"41546","Male","Never married and never in civil partnership","Good",40,65,"12","61"
"41547","Male","Never married and never in civil partnership","Very good",30,90,"12","27"
"41548","Male","Married","Very good",50,70,"12","60"
"41549","Male","Married","Good",40,55,"17","40"
"41550","Female","In a civil partnership","Good",40,50,"12","28"
"41551","Female","In a civil partnership","Good",50,50,"11","29"
"41552","Male","Divorced","Fair",30,60,"11","46"
"41553","Female","In a civil partnership","Good",45,45,"14","34"
"41554","Male","Never married and never in civil partnership","Good",40,60,"11","28"
"41555","Male","Never married and never in civil partnership","Very good",23,50,"11","19"
"41556","Male","Married","Fair",25,60,"13","64"
"41557","Male","Never married and never in civil partnership","Very good",21,65,"12","33"
"41558","Female","Married","Good",40,65,"8","35"
"41559","Female","Married","Fair",40,60,"10","33"
"41560","Female","Divorced","Good",40,60,"12","41"
"41561","Female","In a civil partnership","Very good",40,50,"13","24"
"41562","Male","Married","Fair",27,60,"8","75"
"41563","Female","Married","Good",40,60,"17","36"
"41564","Female","Married","Fair",50,55,"8","41"
"41565","Male","Married","Fair",40,60,"12","53"
"41566","Female","Married","Good",30,50,"10","36"
"41567","Male","Married","Fair",40,60,"1","45"
"41568","Female","Never married and never in civil partnership","Good",50,50,"13","19"
"41569","Female","Never married and never in civil partnership","Good",50,50,"14","20"
"41570","Male","Never married and never in civil partnership","Fair",40,60,"10","30"
"41571","Female",NA,"Good",41,51,"15","22"
"41572","Female","Married","Fair",41,61,"8","48"
"41573","Female","Married","Fair",36,63,"12","44"
"41574","Female","In a civil partnership","Good",40,80,"12","32"
"41575","Female","Divorced","Good",40,40,"18","46"
"41576","Female","Divorced","Very good",50,50,"18","56"
"41577","Male","Married","Good",45,50,"16","35"
"41578","Female","Never married and never in civil partnership","Good",35,65,"10","17"
"41579","Female","Never married and never in civil partnership","Very good",30,50,"13","19"
"41580","Female","Divorced","Good",40,70,"16","46"
"41581","Male","Married","Fair",50,60,"15","70"
"41582","Male","Married","Good",31,50,"11","45"
"41583","Female","Married","Fair",50,70,"9","48"
"41584","Male","Married","Good",60,70,"13","32"
"41585","Female","Divorced","Good",65,70,"8","80"
"41586","Male","Never married and never in civil partnership","Good",22,40,"13","23"
"41587","Male","Married","Fair",45,65,"11","49"
"41588","Male","Married","Very good",50,65,"16","64"
"41589","Male","In a civil partnership","Good",50,65,"10","67"
"41590","Female","Never married and never in civil partnership","Good",30,60,"12","19"
"41591","Female","Never married and never in civil partnership","Very good",20,50,"12","19"
"41592","Male","Never married and never in civil partnership","Good",35,36,"11","17"
"41593","Female","Married","Good",50,70,"14","40"
"41594","Female","Married","Good",40,70,"15","66"
"41595","Female","Married","Fair",50,50,"4","72"
"41596","Male","Married","Good",50,70,"8","60"
"41597","Female","Married","Fair",45,50,"12","34"
"41598","Female","Married","Bad",30,50,"8","71"
"41599","Female","Divorced","Fair",40,60,"12","56"
"41600","Female","Never married and never in civil partnership","Good",35,60,"15","21"
"41601","Male","Married","Very good",45,60,"2","49"
"41602","Female","Married","Good",60,70,"8","69"
"41603","Male","Married","Good",55,65,"11","50"
"41604","Male","Never married and never in civil partnership","Good",40,50,"9","16"
"41605","Female","In a civil partnership","Good",55,55,"13","23"
"41606","Female","Never married and never in civil partnership","Good",50,60,"14","20"
"41607","Male","Married","Fair",58,68,"13","34"
"41608","Male","Married","Fair",50,60,"14","38"
"41609","Female","Divorced","Fair",50,70,"8","78"
"41610","Female","Divorced","Very good",50,60,"8","61"
"41611","Female","Married","Good",35,50,"17","31"
"41612","Female","Married","Bad",50,60,"8","49"
"41613","Female","Married","Good",25,50,"10","44"
"41614","Male","Never married and never in civil partnership","Good",50,70,"21","28"
"41615","Female","Married","Fair",50,70,"13","36"
"41616","Male","Never married and never in civil partnership","Good",20,35,"11","22"
"41617","Male","Married","Fair",50,50,"11","52"
"41618","Female","Divorced","Good",60,70,"12","48"
"41619","Male","Married","Good",50,50,"8","76"
"41620","Female","Married","Fair",35,80,"8","48"
"41621","Female","Never married and never in civil partnership","Fair",40,75,"12","28"
"41622","Female","Married","Fair",30,55,"11","39"
"41623","Female","Divorced","Fair",50,70,"8","85"
"41624","Female","Divorced","Very good",55,65,"14","29"
"41625","Female","Divorced","Good",70,86,"8","87"
"41626","Female","Never married and never in civil partnership","Good",40,65,"19","27"
"41627","Male","In a civil partnership","Fair",30,70,"18","61"
"41628","Male","Married","Good",40,50,"8","37"
"41629","Female","Never married and never in civil partnership","Fair",40,50,"11","28"
"41630","Female","Married","Fair",35,50,"16","36"
"41631","Female","Married","Bad",50,60,"6","67"
"41632","Female","Never married and never in civil partnership","Fair",20,65,"13","29"
"41633","Female","Never married and never in civil partnership","Very good",35,65,"14","28"
"41634","Female","Married","Good",30,60,"8","39"
"41635","Female","Never married and never in civil partnership","Good",23,60,"12","19"
"41636","Female","Married","Fair",40,70,"7","74"
"41637","Male","Married","Good",45,60,"11","42"
"41638","Female","Married","Good",50,65,"16","36"
"41639","Female","Divorced","Fair",50,50,"8","86"
"41640","Male","Married","Fair",65,65,"8","63"
"41641","Male","Married","Bad",45,55,"8","76"
"41642","Female","Married","Fair",45,55,"12","48"
"41643","Female","Married","Good",50,65,"12","38"
"41644","Female","Married","Very good",50,65,"12","48"
"41645","Male","Never married and never in civil partnership","Very good",50,60,"18","33"
"41646","Male","Married","Good",50,75,"12","46"
"41647","Male","In a civil partnership","Good",50,80,"12","36"
"41648","Male","Married","Bad",50,80,"8","69"
"41649","Male","Married","Fair",40,65,"8","64"
"41650","Female","Divorced","Bad",50,70,"11","69"
"41651","Male","Married","Very good",50,70,"21","66"
"41652","Female","Divorced","Good",30,70,"6","49"
"41653","Male","Married","Fair",25,60,"11","62"
"41654","Female","In a civil partnership","Good",30,60,"22","37"
"41655","Male","Married","Fair",60,70,"11","54"
"41656","Male","Never married and never in civil partnership","Fair",50,70,"6","71"
"41657","Male","Married","Bad",50,70,"4","78"
"41658","Male","Married","Good",50,60,"9","55"
"41659","Male","Married","Good",50,70,"13","66"
"41660","Female","Never married and never in civil partnership","Good",40,60,"16","26"
"41661","Male","Married","Fair",40,65,"18","48"
"41662","Male","Never married and never in civil partnership","Very good",40,60,"18","27"
"41663","Female","Married","Fair",40,60,"12","49"
"41664","Female","Never married and never in civil partnership","Fair",21,60,"12","18"
"41665","Female","In a civil partnership","Good",50,60,"8","42"
"41666","Female","Married","Fair",50,85,"8","70"
"41667","Male","Never married and never in civil partnership","Very good",30,50,"11","18"
"41668","Female","Divorced","Good",35,75,"10","67"
"41669","Male","Never married and never in civil partnership","Good",60,45,"17","24"
"41670","Male","Never married and never in civil partnership","Very good",21,45,"13","20"
"41671","Female","In a civil partnership","Fair",50,70,"12","53"
"41672","Female","Divorced","Bad",25,40,"8","51"
"41673","Female","In a civil partnership","Good",40,60,"18","32"
"41674","Female","Married","Good",40,50,"12","44"
"41675","Female","Married","Good",65,70,"19","36"
"41676","Female","Never married and never in civil partnership","Good",20,50,"12","21"
"41677","Female","Married","Bad",45,65,"14","35"
"41678","Female","Divorced","Fair",60,70,"7","73"
"41679","Female","Married","Bad",40,60,"7","72"
"41680","Female","Married","Very good",60,70,"12","41"
"41681","Male","Married","Fair",60,80,"7","71"
"41682","Male","Never married and never in civil partnership","Very good",60,50,"12","24"
"41683","Male","In a civil partnership","Good",35,65,"16","40"
"41684","Female","Married","Good",50,70,"16","62"
"41685","Female","Never married and never in civil partnership","Good",50,60,"12","18"
"41686","Male","In a civil partnership","Very good",70,90,"12","32"
"41687","Male","Never married and never in civil partnership","Good",30,65,"18","25"
"41688","Male","Married","Very good",31,70,"18","29"
"41689","Male","Married","Fair",45,60,"8","73"
"41690","Female","Married","Good",60,70,"4","45"
"41691","Male","Married","Fair",40,60,"3","54"
"41692","Female","In a civil partnership","Good",40,50,"19","26"
"41693","Male","In a civil partnership","Good",35,55,"14","26"
"41694","Male","Married","Fair",45,50,"8","58"
"41695","Male","Married","Good",40,50,"14","55"
"41696","Male","Married","Good",55,70,"8","65"
"41697","Female","Married","Good",50,70,"8","51"
"41698","Male","In a civil partnership","Very good",40,50,"3","26"
"41699","Male","Never married and never in civil partnership","Very good",40,40,"12","18"
"41700","Male","Never married and never in civil partnership","Very good",35,60,"11","32"
"41701","Female","In a civil partnership","Very good",30,70,"11","30"
"41702","Male","Married","Good",40,70,"8","64"
"41703","Male","Married","Good",33,60,"2","35"
"41704","Male","Married","Fair",45,60,"8","46"
"41705","Male",NA,"Very good",60,45,NA,"36"
"41706","Male","Married","Fair",45,60,"11","51"
"41707","Male",NA,"Very good",40,50,"17","24"
"41708","Male","Married","Fair",50,70,"12","49"
"41709","Female","Married","Good",60,85,"13","34"
"41710","Male","Married","Very good",60,60,"11","62"
"41711","Female","Married","Fair",40,60,"12","46"
"41712","Female","Divorced","Very good",60,70,"8","66"
"41713","Male","Married","Good",35,45,"11","42"
"41714","Female","Married","Bad",55,60,"11","49"
"41715","Female","Married","Bad",60,70,"8","61"
"41716","Female","Married","Fair",50,80,"15","31"
"41717","Male","Married","Bad",35,60,"15","69"
"41718","Female","Married","Good",50,60,"6","42"
"41719","Male","In a civil partnership","Fair",65,65,"13","41"
"41720","Female","Married","Fair",20,70,"17","39"
"41721","Male","Married","Fair",55,65,"12","65"
"41722","Female","Married","Fair",60,68,"9","73"
"41723","Female","Never married and never in civil partnership","Fair",60,80,"12","80"
"41724","Male","In a civil partnership","Very good",50,50,"12","42"
"41725","Male","In a civil partnership","Very good",40,60,"11","41"
"41726","Female","Married","Fair",20,80,"8","63"
"41727","Male","Married","Good",60,61,"11","78"
"41728","Female","Never married and never in civil partnership","Good",50,75,"12","38"
"41729","Female","Divorced","Bad",65,80,"8","66"
"41730","Male","In a civil partnership","Very good",30,60,"16","27"
"41731","Female","Never married and never in civil partnership","Good",60,60,"15","21"
"41732","Female","Married","Bad",60,80,"11","64"
"41733","Female","Married","Very good",45,60,"12","34"
"41734","Male","Married","Very good",40,65,"13","36"
"41735","Male","Never married and never in civil partnership","Very good",35,65,"10","15"
"41736","Male","Never married and never in civil partnership","Very good",40,75,"16","25"
"41737","Male","Divorced","Good",35,35,"12","57"
"41738","Male","Married","Good",70,80,"15","65"
"41739","Male","Divorced","Bad",70,80,"8","81"
"41740","Female","Married","Good",40,70,"17","37"
"41741","Male","Divorced","Good",18,60,"11","33"
"41742","Male","In a civil partnership","Good",50,50,"11","39"
"41743","Male","Married","Good",30,50,"11","45"
"41744","Female","Never married and never in civil partnership","Fair",50,80,"16","61"
"41745","Female","In a civil partnership","Good",51,81,"11","25"
"41746","Male","In a civil partnership","Very good",30,60,"19","26"
"41747","Female","In a civil partnership","Very good",55,65,"13","42"
"41748","Male","Never married and never in civil partnership","Good",60,60,"12","24"
"41749","Female","Married","Good",35,65,"17","37"
"41750","Female","Divorced","Bad",75,86,"4","75"
"41751","Male","Married","Very good",40,60,"11","34"
"41752","Male","Never married and never in civil partnership","Fair",30,60,"14","19"
"41753","Female","Never married and never in civil partnership","Good",35,55,"12","23"
"41754","Female","Married","Good",60,80,"8","59"
"41755","Female","Never married and never in civil partnership","Fair",50,80,"7","79"
"41756","Female","Married","Fair",30,90,"12","49"
"41757","Female","Divorced","Fair",40,60,"8","53"
"41758","Male","Married","Fair",40,65,"11","56"
"41759","Male","Never married and never in civil partnership","Fair",65,65,"11","73"
"41760","Male","Married","Fair",30,60,"16","54"
"41761","Female","Married","Good",30,55,"18","31"
"41762","Female","Never married and never in civil partnership","Very good",40,75,"16","24"
"41763","Male","Never married and never in civil partnership","Good",35,70,"12","24"
"41764","Male","Never married and never in civil partnership","Good",35,65,"20","34"
"41765","Male","Never married and never in civil partnership","Good",24,40,"13","24"
"41766","Female","Married","Good",40,60,"15","34"
"41767","Female","Never married and never in civil partnership","Good",30,60,"12","19"
"41768","Female","Never married and never in civil partnership","Good",35,70,"14","22"
"41769","Male","Married","Good",60,80,"12","49"
"41770","Female","Never married and never in civil partnership","Good",40,70,"17","24"
"41771","Female","Never married and never in civil partnership","Very good",46,65,"16","24"
"41772","Female","Married","Very good",40,70,"17","50"
"41773","Female","Never married and never in civil partnership","Fair",50,80,"16","70"
"41774","Female","In a civil partnership","Good",30,60,"12","32"
"41775","Male","Married","Good",45,55,"14","35"
"41776","Female","Married","Good",45,60,"13","35"
"41777","Male","Married","Good",40,70,"17","43"
"41778","Female","Married","Very good",16,60,"12","35"
"41779","Male","Never married and never in civil partnership","Very good",45,60,"8","22"
"41780","Male","Married","Good",60,75,"12","48"
"41781","Female","Never married and never in civil partnership","Very good",50,70,"12","22"
"41782","Female","Divorced","Fair",50,60,"8","80"
"41783","Male","Married","Fair",50,60,"12","86"
"41784","Female","Never married and never in civil partnership","Good",40,50,"10","16"
"41785","Female","In a civil partnership","Bad",60,65,"10","71"
"41786","Male","Married","Good",50,70,"13","48"
"41787","Female","Married","Bad",30,60,"13","43"
"41788","Male","Married","Very good",60,65,"11","63"
"41789","Male","Married","Fair",30,70,"16","58"
"41790","Male","Married","Bad",20,60,"17","61"
"41791","Female","Married","Very good",30,50,"14","47"
"41792","Female","Married","Fair",40,50,"12","45"
"41793","Male","In a civil partnership","Good",40,50,"16","35"
"41794","Female","Married","Very good",50,60,"8","51"
"41795","Male","In a civil partnership","Very good",40,60,"12","36"
"41796","Female","Married","Good",20,60,"8","42"
"41797","Female","Divorced","Bad",50,51,"8","87"
"41798","Female","Married","Fair",40,60,"15","47"
"41799","Female","Divorced","Bad",18,60,"8","66"
"41800","Male","Married","Fair",30,70,"17","53"
"41801","Female","Married","Fair",40,80,"12","45"
"41802","Male","Never married and never in civil partnership","Very good",30,50,"15","22"
"41803","Female","Divorced","Fair",35,70,"10","84"
"41804","Female","Never married and never in civil partnership","Fair",25,40,"12","21"
"41805","Male","Married","Bad",40,60,"13","88"
"41806","Male","Never married and never in civil partnership","Good",40,60,"12","23"
"41807","Male","Divorced","Fair",60,60,"11","48"
"41808","Male","Married","Fair",40,60,"12","71"
"41809","Female","Married","Good",50,70,"17","55"
"41810","Male","Never married and never in civil partnership","Very good",70,100,"9","16"
"41811","Female","Married","Fair",40,60,"11","45"
"41812","Female","Never married and never in civil partnership","Fair",30,40,"16","23"
"41813","Male","Never married and never in civil partnership","Fair",40,55,"13","20"
"41814","Male","In a civil partnership","Good",40,55,"13","29"
"41815","Female","Divorced","Bad",60,80,"8","75"
"41816","Male","Married","Good",50,65,"16","67"
"41817","Female","Married","Fair",50,100,"10","75"
"41818","Female","Married","Fair",40,60,"14","45"
"41819","Male","Never married and never in civil partnership","Fair",40,60,"14","26"
"41820","Male","Married","Bad",40,65,"20","45"
"41821","Male","Married","Fair",50,70,"11","61"
"41822","Female","Married","Good",45,70,"12","37"
"41823","Female","Married","Bad",50,70,"11","52"
"41824","Female","Married","Good",50,65,"16","40"
"41825","Female","Married","Fair",50,85,"17","29"
"41826","Male","Never married and never in civil partnership","Good",50,61,"13","24"
"41827","Male","In a civil partnership","Very good",20,45,"16","28"
"41828","Male","Married","Fair",40,55,"8","53"
"41829","Male","In a civil partnership","Good",30,40,"13","28"
"41830","Female","Never married and never in civil partnership","Fair",16,50,"9","16"
"41831","Female","Never married and never in civil partnership","Good",45,70,"10","16"
"41832","Female","Married","Fair",55,80,"11","63"
"41833","Female","Married","Fair",25,70,"10","70"
"41834","Male","Married","Bad",50,70,"13","66"
"41835","Female","Married","Fair",40,50,"16","65"
"41836","Female","Married","Very good",40,60,"12","45"
"41837","Female","Married","Fair",35,60,"8","53"
"41838","Female","Married","Good",45,65,"15","29"
"41839","Male","In a civil partnership","Fair",30,30,"12","24"
"41840","Male","Married","Good",50,70,"17","69"
"41841","Female","Never married and never in civil partnership","Good",20,60,"10","16"
"41842","Male","Married","Fair",40,50,"8","64"
"41843","Female","Married","Good",60,70,"14","32"
"41844","Female","Never married and never in civil partnership","Good",30,50,"10","17"
"41845","Male","Married","Fair",18,60,"12","33"
"41846","Male","In a civil partnership","Fair",30,60,"15","44"
"41847","Male","In a civil partnership","Fair",35,60,"8","44"
"41848","Male","Married","Fair",60,70,"8","63"
"41849","Female","Never married and never in civil partnership","Good",45,65,"12","39"
"41850","Female","Divorced","Bad",60,60,"4","73"
"41851","Male","In a civil partnership","Bad",40,70,"10","48"
"41852","Female","Married","Fair",30,60,"0","46"
"41853","Female","Divorced","Fair",60,70,"4","75"
"41854","Female","Married","Good",40,70,"17","35"
"41855","Male","Married","Fair",35,45,"12","50"
"41856","Female","Divorced","Fair",60,70,"8","67"
"41857","Female","Never married and never in civil partnership","Bad",35,60,"16","23"
"41858","Female","Married","Good",40,70,"14","45"
"41859","Female","Married","Good",30,65,"12","32"
"41860","Male","Married","Good",22,60,"12","50"
"41861","Male","In a civil partnership","Very good",45,65,"19","28"
"41862","Female","Married","Good",50,77,"8","77"
"41863","Female","Divorced","Fair",50,80,"8","66"
"41864","Male","Married","Fair",35,65,"12","34"
"41865","Male","Married","Fair",50,65,"10","67"
"41866","Female","Married","Good",30,60,"12","29"
"41867","Male","In a civil partnership","Good",40,80,"11","43"
"41868","Male","Never married and never in civil partnership","Fair",40,60,"11","39"
"41869","Male","Married","Good",40,60,"12","44"
"41870","Female","Married","Good",25,60,"16","36"
"41871","Female","Married","Very good",45,60,"18","33"
"41872","Male","Married","Good",60,60,"16","48"
"41873","Male","Married","Bad",60,70,"13","77"
"41874","Male","Never married and never in civil partnership","Very good",30,50,"15","22"
"41875","Male","Never married and never in civil partnership","Good",22,45,"15","22"
"41876","Male","Married","Good",40,60,"17","49"
"41877","Male","Divorced","Bad",45,65,"11","70"
"41878","Female","Divorced","Good",35,70,"8","70"
"41879","Female","Married","Fair",35,80,"13","49"
"41880","Female","Divorced","Good",55,70,"15","48"
"41881","Female","Married","Bad",40,70,"12","37"
"41882","Male","Married","Fair",57,65,"11","67"
"41883","Male","Married","Good",50,80,"11","46"
"41884","Female","Married","Good",60,85,"10","77"
"41885","Female","Married","Bad",40,60,"8","51"
"41886","Male","Never married and never in civil partnership","Good",40,70,"15","34"
"41887","Female","Never married and never in civil partnership","Fair",30,60,"13","25"
"41888","Male","Never married and never in civil partnership","Fair",40,75,"19","35"
"41889","Male","In a civil partnership","Good",35,65,"15","34"
"41890","Female","In a civil partnership","Very good",40,60,"14","42"
"41891","Female","Divorced","Fair",50,85,"11","64"
"41892","Female","Married","Bad",40,70,"8","63"
"41893","Male","Never married and never in civil partnership","Good",40,70,"13","22"
"41894","Male","Never married and never in civil partnership","Very good",60,60,"8","27"
"41895","Female","Divorced","Bad",40,80,"11","51"
"41896","Female","Never married and never in civil partnership","Fair",60,60,"8","39"
"41897","Female","Married","Bad",50,60,"12","55"
"41898","Female","Never married and never in civil partnership","Very good",35,45,"14","24"
"41899","Male","Married","Fair",35,65,"8","44"
"41900","Male","Married","Good",60,25,"11","25"
"41901","Female","Never married and never in civil partnership","Good",28,30,"8","17"
"41902","Female","Divorced","Fair",60,50,"7","71"
"41903","Male","Married","Fair",26,65,"11","35"
"41904","Female",NA,"Very good",20,50,"8","15"
"41905","Female","Married","Fair",50,75,"8","57"
"41906","Female","Never married and never in civil partnership","Good",30,60,"14","20"
"41907","Male","Married","Fair",53,65,"10","56"
"41908","Male","Married","Fair",40,65,"11","59"
"41909","Female","Married","Fair",50,65,"11","40"
"41910","Female","Never married and never in civil partnership","Good",30,60,"12","32"
"41911","Male","Never married and never in civil partnership","Good",25,40,"17","24"
"41912","Male","Never married and never in civil partnership","Good",15,60,"9","15"
"41913","Male","Married","Fair",40,80,"11","59"
"41914","Male","Never married and never in civil partnership","Very good",35,55,"12","26"
"41915","Male","Married","Fair",40,60,"8","58"
"41916","Female","Married","Bad",60,80,"11","51"
"41917","Male","In a civil partnership","Fair",55,70,"11","36"
"41918","Female","In a civil partnership","Fair",38,52,"11","38"
"41919","Female","Married","Bad",50,70,"12","43"
"41920","Female","Divorced","Fair",60,75,"8","69"
"41921","Female","Married","Good",55,80,"15","49"
"41922","Male","Never married and never in civil partnership","Very good",30,50,"10","17"
"41923","Male","Divorced","Fair",70,75,"8","62"
"41924","Male","Never married and never in civil partnership","Very good",50,70,"11","28"
"41925","Male","In a civil partnership","Good",50,70,"17","24"
"41926","Female","Married","Fair",50,80,"12","39"
"41927","Female","In a civil partnership","Very good",60,80,"15","46"
"41928","Male","Never married and never in civil partnership","Very good",35,70,"9","15"
"41929","Male","Never married and never in civil partnership","Very good",20,50,"12","19"
"41930","Male","Married","Good",45,71,"11","62"
"41931","Female","Divorced","Fair",40,50,"12","48"
"41932","Female","Married","Fair",42,50,"17","55"
"41933","Female","Married","Fair",45,55,"11","56"
"41934","Male","Never married and never in civil partnership","Good",40,50,"11","18"
"41935","Female","Never married and never in civil partnership","Good",45,50,"12","22"
"41936","Female","Married","Good",50,70,"11","43"
"41937","Female","Divorced","Bad",60,80,"4","81"
"41938","Male","Never married and never in civil partnership","Good",50,70,"6","67"
"41939","Female","Divorced","Fair",50,80,"8","70"
"41940","Female","Married","Bad",50,60,"5","79"
"41941","Female","Married","Fair",60,80,"8","46"
"41942","Female","Divorced","Fair",50,90,"8","56"
"41943","Female","Married","Fair",50,85,"8","41"
"41944","Male","Married","Good",45,65,"25","73"
"41945","Female","In a civil partnership","Good",30,60,"17","26"
"41946","Female","Married","Good",50,70,"8","58"
"41947","Male","Married","Bad",60,75,"11","67"
"41948","Female","Married","Good",45,50,"16","26"
"41949","Female","Married","Good",55,65,"11","50"
"41950","Female","Married","Fair",50,70,"11","58"
"41951","Male","Never married and never in civil partnership","Good",45,50,"4","28"
"41952","Female","Married","Good",55,60,"4","57"
"41953","Male","Married","Fair",40,50,"12","33"
"41954","Female","Married","Good",35,65,"15","46"
"41955","Female","Divorced","Good",70,71,"11","80"
"41956","Female","Never married and never in civil partnership","Fair",30,65,"9","16"
"41957","Female","Never married and never in civil partnership","Fair",40,60,"15","32"
"41958","Male","Married","Good",59,67,"12","78"
"41959","Female","Never married and never in civil partnership","Good",18,70,"17","27"
"41960","Female","Married","Bad",51,70,"12","64"
"41961","Female","Married","Good",50,70,"15","42"
"41962","Female","In a civil partnership","Good",40,70,"16","29"
"41963","Female","Married","Good",60,75,"5","71"
"41964","Female","Married","Good",60,70,"11","57"
"41965","Female","Married","Good",35,35,"4","63"
"41966","Male","Married","Good",30,65,"3","53"
"41967","Female","Married","Good",30,70,"4","61"
"41968","Female","In a civil partnership","Good",50,60,"12","45"
"41969","Female","Never married and never in civil partnership","Good",35,60,"4","20"
"41970","Male","Married","Good",35,60,"18","36"
"41971","Female","Married","Good",40,70,"11","42"
"41972","Female","Married","Good",40,70,"8","68"
"41973","Male","Never married and never in civil partnership","Good",30,60,"16","28"
"41974","Female","In a civil partnership","Fair",60,70,"12","76"
"41975","Female","Never married and never in civil partnership","Very good",70,70,"15","22"
"41976","Female","Never married and never in civil partnership","Good",18,40,"10","16"
"41977","Male","Never married and never in civil partnership","Fair",40,70,"14","21"
"41978","Male","Never married and never in civil partnership","Fair",35,55,"17","24"
"41979","Female","Married","Fair",60,70,"8","42"
"41980","Female","In a civil partnership","Bad",55,65,"12","67"
"41981","Male","Never married and never in civil partnership","Bad",40,65,"11","40"
"41982","Female","Never married and never in civil partnership","Good",60,60,"11","19"
"41983","Male","Never married and never in civil partnership","Good",25,50,"13","20"
"41984","Female","Married","Very good",40,60,"12","42"
"41985","Female","Married","Bad",60,65,"8","75"
"41986","Male","Married","Good",35,55,"16","69"
"41987","Female","Never married and never in civil partnership","Bad",30,39,"11","52"
"41988","Male","Never married and never in civil partnership","Good",27,60,"20","28"
"41989","Male","Married","Fair",45,55,"8","35"
"41990","Female","Divorced","Good",40,70,"18","31"
"41991","Female","Divorced","Fair",30,70,"11","50"
"41992","Female","Never married and never in civil partnership","Good",35,50,"19","26"
"41993","Female",NA,"Very good",37,40,"5","21"
"41994","Female","Married","Good",70,71,"8","65"
"41995","Female","Divorced","Fair",60,70,"8","80"
"41996","Male","Married","Fair",50,65,"8","59"
"41997","Female","Married","Fair",50,70,"13","56"
"41998","Female","Divorced","Good",40,60,"16","27"
"41999","Male","In a civil partnership","Very good",50,70,"11","36"
"42000","Female","Married","Good",50,65,"8","26"
"42001","Female","Divorced","Good",50,70,"8","73"
"42002","Female","Married","Good",30,65,"12","43"
"42003","Male","Married","Bad",55,70,"8","75"
"42004","Male","Divorced","Fair",50,65,"3","42"
"42005","Male","Never married and never in civil partnership","Very good",55,65,"3","18"
"42006","Female","Never married and never in civil partnership","Good",30,68,"16","28"
"42007","Female","Married","Good",35,65,"8","83"
"42008","Male","Married","Good",40,75,"8","62"
"42009","Male","Married","Fair",60,75,"8","78"
"42010","Male","Never married and never in civil partnership","Very good",50,70,"8","16"
"42011","Female","Never married and never in civil partnership","Good",30,40,"8","20"
"42012","Female","Married","Fair",50,85,"8","73"
"42013","Male","Divorced","Good",37,73,"13","67"
"42014","Female","Married","Bad",65,75,"8","74"
"42015","Female","Never married and never in civil partnership","Good",30,60,"12","32"
"42016","Male","Married","Bad",50,70,"12","68"
"42017","Male","Divorced","Fair",35,55,"11","39"
"42018","Female","Never married and never in civil partnership","Good",45,70,"15","23"
"42019","Female","Never married and never in civil partnership","Good",70,80,"11","53"
"42020","Female","Never married and never in civil partnership","Very good",40,55,"9","15"
"42021","Female","Married","Fair",50,70,"12","38"
"42022","Male","Married","Good",60,60,"17","56"
"42023","Female","Married","Good",60,70,"8","54"
"42024","Female","Never married and never in civil partnership","Fair",50,70,"11","26"
"42025","Male","Married","Fair",45,60,"12","39"
"42026","Female","In a civil partnership","Good",40,80,"8","25"
"42027","Female","Married","Very good",70,75,"14","43"
"42028","Male","Never married and never in civil partnership","Good",17,50,"10","16"
"42029","Female","Divorced","Good",65,70,"13","69"
"42030","Female","Married","Good",30,65,"12","40"
"42031","Female","Divorced","Fair",30,60,"8","68"
"42032","Female","Married","Fair",55,65,"8","53"
"42033","Male","Married","Very good",50,60,"18","48"
"42034","Female","Married","Very good",60,80,"16","48"
"42035","Male","Married","Good",60,80,"11","75"
"42036","Female","Never married and never in civil partnership","Fair",40,60,"12","62"
"42037","Female","Married","Fair",60,70,"10","77"
"42038","Female","Divorced","Fair",50,70,"10","71"
"42039","Male","Married","Fair",33,60,"16","67"
"42040","Female","Never married and never in civil partnership","Fair",40,70,"14","68"
"42041","Female","Married","Fair",50,80,"10","80"
"42042","Female","Divorced","Fair",50,60,"15","65"
"42043","Male","Married","Good",60,75,"7","72"
"42044","Female","Divorced","Fair",50,60,"8","88"
"42045","Male","Never married and never in civil partnership","Bad",50,75,"10","46"
"42046","Male","Married","Good",40,60,"12","47"
"42047","Male","Married","Very good",45,60,"10","38"
"42048","Female","In a civil partnership","Good",40,65,"22","29"
"42049","Female","Married","Very good",30,70,"12","48"
"42050","Female","Married","Good",40,60,"17","43"
"42051","Female","In a civil partnership","Good",35,70,"21","31"
"42052","Female","Married","Good",50,50,"10","65"
"42053","Male","Never married and never in civil partnership","Very good",17,40,"11","18"
"42054","Female","In a civil partnership","Fair",25,50,"14","23"
"42055","Female","Married","Fair",40,70,"11","29"
"42056","Female","Divorced","Fair",50,70,"11","53"
"42057","Female","Married","Fair",50,60,"11","54"
"42058","Female","Married","Good",50,60,"12","41"
"42059","Male","Married","Good",50,65,"15","63"
"42060","Male","Divorced","Good",21,60,"11","40"
"42061","Female","Married","Good",70,71,"15","32"
"42062","Female","Married","Fair",60,80,"8","46"
"42063","Female","Divorced","Fair",50,70,"8","88"
"42064","Female","Married","Fair",40,70,"11","30"
"42065","Female","Married","Fair",50,55,"8","43"
"42066","Female","Never married and never in civil partnership","Fair",60,60,"12","19"
"42067","Female","Married","Bad",60,65,"12","49"
"42068","Female","Divorced","Bad",60,75,"8","91"
"42069","Female","Divorced","Fair",50,50,"15","39"
"42070","Female","Married","Fair",55,60,"20","46"
"42071","Female","Never married and never in civil partnership","Good",45,70,"8","17"
"42072","Male","Never married and never in civil partnership","Good",25,45,"12","23"
"42073","Female","Divorced","Very good",50,60,"6","78"
"42074","Female","Divorced","Fair",60,75,"8","68"
"42075","Female","Married","Good",55,65,"15","49"
"42076","Female","In a civil partnership","Fair",50,65,"15","32"
"42077","Female","Married","Good",65,100,"12","40"
"42078","Female","Married","Very good",50,99,"16","33"
"42079","Female","In a civil partnership","Fair",50,70,"14","65"
"42080","Male","Married","Good",55,65,"11","40"
"42081","Female","Divorced","Very good",35,70,"14","62"
"42082","Female","Divorced","Fair",50,60,"2","63"
"42083","Female","Divorced","Bad",35,70,"8","73"
"42084","Female","Divorced","Fair",60,80,"18","58"
"42085","Male","In a civil partnership","Good",35,61,"16","29"
"42086","Male","Married","Bad",60,80,"8","59"
"42087","Female","Divorced","Fair",65,80,"15","44"
"42088","Male","In a civil partnership","Fair",50,60,"8","50"
"42089","Female","Married","Good",60,80,"16","68"
"42090","Female","Married","Good",60,80,"12","65"
"42091","Male","Married","Fair",55,65,"12","66"
"42092","Male","Married","Bad",30,45,"20","40"
"42093","Female","Never married and never in civil partnership","Very good",65,65,"18","30"
"42094","Female","Married","Good",49,60,"11","33"
"42095","Female","In a civil partnership","Good",50,80,"12","30"
"42096","Male","Married","Good",40,60,"4","46"
"42097","Female","Never married and never in civil partnership","Good",40,80,"15","28"
"42098","Male","Married","Good",50,80,"9","56"
"42099","Female","Married","Fair",65,75,"3","58"
"42100","Female","Divorced","Fair",50,85,"11","72"
"42101","Male","Married","Fair",30,55,"15","76"
"42102","Female","Married","Fair",50,75,"12","80"
"42103","Male","Married","Fair",50,75,"15","84"
"42104","Female","Married","Fair",50,65,"15","54"
"42105","Male","Married","Fair",35,65,"16","51"
"42106","Male","Married","Good",18,65,"14","65"
"42107","Female","Divorced","Fair",55,70,"12","74"
"42108","Male","Married","Fair",50,70,"12","46"
"42109","Female","Married","Good",50,70,"12","43"
"42110","Female","Never married and never in civil partnership","Fair",20,50,"12","21"
"42111","Male","Married","Good",45,65,"12","66"
"42112","Female","Divorced","Bad",45,70,"8","95"
"42113","Female","Married","Good",60,80,"11","41"
"42114","Male","Married","Very good",45,60,"16","45"
"42115","Female","Married","Fair",50,75,"8","62"
"42116","Female","Married","Good",40,50,"14","44"
"42117","Male","Never married and never in civil partnership","Very good",50,50,"12","34"
"42118","Male","Married","Good",55,70,"12","45"
"42119","Male","Never married and never in civil partnership","Good",40,70,"12","29"
"42120","Female","Never married and never in civil partnership","Good",12,40,"11","17"
"42121","Male","Married","Good",40,70,"11","37"
"42122","Male","Married","Good",51,60,"11","45"
"42123","Female","Divorced","Bad",50,70,"7","81"
"42124","Female","In a civil partnership","Good",22,45,"8","59"
"42125","Male","Married","Bad",50,60,"9","46"
"42126","Male","Married","Good",50,50,"12","40"
"42127","Male","Married","Good",30,60,"14","49"
"42128","Male","Married","Fair",50,70,"11","60"
"42129","Female","Divorced","Good",31,50,"14","56"
"42130","Male","Never married and never in civil partnership","Good",32,40,"14","24"
"42131","Female","Divorced","Fair",50,60,"12","70"
"42132","Male","Married","Bad",35,60,"12","54"
"42133","Female","In a civil partnership","Fair",60,75,"13","24"
"42134","Female","Never married and never in civil partnership","Very good",45,80,"11","18"
"42135","Male","Never married and never in civil partnership","Good",50,70,"12","28"
"42136","Female","Married","Good",50,65,"12","43"
"42137","Female","In a civil partnership","Very good",40,60,"15","44"
"42138","Male","Married","Good",40,60,"23","39"
"42139","Male","Married","Fair",55,65,"4","63"
"42140","Male","Never married and never in civil partnership","Good",20,55,"12","21"
"42141","Male","In a civil partnership","Bad",50,80,"17","30"
"42142","Male","Never married and never in civil partnership","Very good",40,50,"20","28"
"42143","Male","In a civil partnership","Fair",40,60,"19","27"
"42144","Male","In a civil partnership","Good",40,50,"17","43"
"42145","Male","Never married and never in civil partnership","Good",40,50,"11","18"
"42146","Female","Married","Fair",50,65,"11","41"
"42147","Male","Married","Good",35,60,"16","54"
"42148","Male","Married","Good",60,65,"15","50"
"42149","Female","Never married and never in civil partnership","Good",35,65,"13","43"
"42150","Male","Married","Good",35,70,"18","49"
"42151","Male","Never married and never in civil partnership","Good",30,68,"12","42"
"42152","Male","Married","Very good",35,65,"8","35"
"42153","Male","Married","Fair",30,60,"4","51"
"42154","Female","Married","Fair",40,70,"16","51"
"42155","Male","Divorced","Very good",40,65,"12","34"
"42156","Male","Married","Fair",50,50,"17","61"
"42157","Male","Never married and never in civil partnership","Good",35,60,"15","27"
"42158","Male","In a civil partnership","Very good",30,60,"18","27"
"42159","Female","Never married and never in civil partnership","Good",60,60,"13","60"
"42160","Male","Married","Fair",35,45,"15","48"
"42161","Male","Married","Fair",50,80,"12","50"
"42162","Male","Married","Good",30,70,"8","62"
"42163","Male","In a civil partnership","Fair",45,70,"12","34"
"42164","Male","Married","Fair",50,80,"8","82"
"42165","Male","Never married and never in civil partnership","Good",30,40,"12","21"
"42166","Male","Married","Good",50,70,"12","47"
"42167","Male","Married","Fair",40,55,"12","40"
"42168","Female","In a civil partnership","Fair",18,50,"12","27"
"42169","Male","Married","Fair",30,70,"11","65"
"42170","Female","Divorced","Fair",35,50,"12","65"
"42171","Female","Married","Very good",60,70,"18","30"
"42172","Male","Married","Fair",60,75,"8","55"
"42173","Female","Married","Good",65,60,"4","36"
"42174","Female","In a civil partnership","Good",40,70,"12","46"
"42175","Female","Divorced","Fair",60,60,"10","91"
"42176","Female","In a civil partnership","Fair",40,60,"8","45"
"42177","Male","In a civil partnership","Good",55,65,"12","38"
"42178","Male","Married","Fair",50,80,"11","68"
"42179","Female","In a civil partnership","Fair",40,70,"8","35"
"42180","Male","Never married and never in civil partnership","Good",45,50,"10","17"
"42181","Male","In a civil partnership","Good",40,60,"12","31"
"42182","Male","Married","Good",50,75,"16","50"
"42183","Male","Married","Good",45,60,"17","64"
"42184","Male","In a civil partnership","Very good",65,65,"12","28"
"42185","Male","Never married and never in civil partnership","Very good",30,50,"10","16"
"42186","Female","Married","Fair",40,70,"11","45"
"42187","Male","Married","Good",50,80,"11","56"
"42188","Male","Never married and never in civil partnership","Very good",36,58,"14","29"
"42189","Female","Never married and never in civil partnership","Bad",35,40,"14","19"
"42190","Male","Never married and never in civil partnership","Very good",40,50,"21","28"
"42191","Male","Never married and never in civil partnership","Fair",30,45,"13","21"
"42192","Male","Married","Good",45,70,"12","55"
"42193","Male","Married","Good",45,70,"18","70"
"42194","Male","Divorced","Fair",50,50,"14","83"
"42195","Female","Divorced","Bad",65,65,"12","86"
"42196","Female","Never married and never in civil partnership","Very good",50,50,"12","33"
"42197","Female","Married","Very good",60,70,"8","45"
"42198","Male","Married","Very good",50,70,"17","43"
"42199","Female","Married","Bad",40,70,"8","53"
"42200","Female","Married","Fair",35,65,"8","60"
"42201","Female","In a civil partnership","Very good",40,70,"13","36"
"42202","Male","Married","Very good",50,80,"8","51"
"42203","Male","Married","Good",45,50,"11","53"
"42204","Female","Married","Fair",35,60,"8","46"
"42205","Female","Never married and never in civil partnership","Good",30,60,"12","20"
"42206","Male","Never married and never in civil partnership","Good",40,60,"12","27"
"42207","Male","Never married and never in civil partnership","Very good",25,50,"11","19"
"42208","Male","Married","Good",40,60,"10","73"
"42209","Male","Never married and never in civil partnership","Bad",30,50,"16","32"
"42210","Female","Divorced","Good",50,65,"8","62"
"42211","Male",NA,"Very good",30,50,"12","33"
"42212","Female","Never married and never in civil partnership","Fair",30,60,"12","24"
"42213","Male","Married","Very good",50,80,"8","79"
"42214","Female","Married","Good",40,70,"8","56"
"42215","Female","Divorced","Bad",50,80,"6","85"
"42216","Female","Married","Good",40,80,"11","51"
"42217","Female","In a civil partnership","Very good",45,60,"15","27"
"42218","Male","In a civil partnership","Good",40,50,"17","41"
"42219","Male","Married","Very good",50,60,"16","55"
"42220","Female","Married","Good",60,65,"15","45"
"42221","Female","Never married and never in civil partnership","Good",50,60,"16","55"
"42222","Male","Married","Fair",50,60,"11","52"
"42223","Male","Never married and never in civil partnership","Good",40,50,"13","29"
"42224","Male","Married","Bad",50,65,"8","55"
"42225","Male","Married","Fair",40,55,"8","53"
"42226","Male","Married","Fair",60,100,"4","72"
"42227","Female","In a civil partnership","Good",40,60,"16","30"
"42228","Female","Never married and never in civil partnership","Very good",60,70,"18","41"
"42229","Male","In a civil partnership","Very good",60,80,"16","41"
"42230","Male","Married","Bad",30,55,"16","55"
"42231","Female","Divorced","Very good",40,60,"20","32"
"42232","Female","Married","Good",25,44,"8","44"
"42233","Male","Never married and never in civil partnership","Good",30,70,"11","17"
"42234","Male","Married","Bad",50,80,"12","68"
"42235","Male","Married","Good",55,65,"17","51"
"42236","Female","Divorced","Bad",65,80,"8","88"
"42237","Female","Married","Good",50,70,"11","39"
"42238","Male","Never married and never in civil partnership","Good",20,40,"13","19"
"42239","Male","Never married and never in civil partnership","Fair",40,60,"12","35"
"42240","Female","Married","Fair",40,65,"8","44"
"42241","Female","Married","Fair",60,80,"8","74"
"42242","Female","Married","Fair",50,70,"15","37"
"42243","Female","Married","Very good",35,70,"13","45"
"42244","Male","Married","Fair",75,80,"8","66"
"42245","Male","Married","Good",50,60,"8","38"
"42246","Female","Married","Good",60,80,"11","48"
"42247","Female","Divorced","Fair",60,80,"8","80"
"42248","Female","Married","Good",30,50,"17","41"
"42249","Female","Married","Fair",45,70,"8","47"
"42250","Male","Married","Good",50,70,"11","43"
"42251","Female","Divorced","Bad",70,80,"4","76"
"42252","Male","Married","Fair",65,75,"11","63"
"42253","Male","In a civil partnership","Very good",40,70,"17","35"
"42254","Female","Married","Fair",60,60,"11","60"
"42255","Female","Divorced","Bad",50,70,"8","76"
"42256","Male","Never married and never in civil partnership","Very good",50,50,"11","28"
"42257","Female","Divorced","Good",50,50,"11","59"
"42258","Male","Divorced","Very good",60,60,"22","30"
"42259","Female","Married","Fair",45,75,"10","60"
"42260","Male","Married","Good",45,65,"14","58"
"42261","Female","In a civil partnership","Fair",30,60,"17","25"
"42262","Male","Never married and never in civil partnership","Good",35,70,"11","18"
"42263","Male","Never married and never in civil partnership","Good",40,45,"9","25"
"42264","Female","Divorced","Good",70,80,"8","60"
"42265","Male","Married","Fair",40,55,"14","43"
"42266","Male","Never married and never in civil partnership","Good",40,60,"12","23"
"42267","Male","Married","Fair",40,70,"10","54"
"42268","Female","Married","Fair",46,75,"11","49"
"42269","Female","Never married and never in civil partnership","Very good",40,80,"16","28"
"42270","Male","In a civil partnership","Fair",34,60,"14","34"
"42271","Male","Married","Good",60,75,"11","51"
"42272","Female","Married","Good",40,55,"14","55"
"42273","Female","Married","Fair",50,65,"8","65"
"42274","Female","Married","Fair",60,70,"12","46"
"42275","Male","Married","Good",40,55,"15","44"
"42276","Female","Married","Fair",60,61,"15","59"
"42277","Male","In a civil partnership","Good",30,60,"11","35"
"42278","Male","Never married and never in civil partnership","Good",40,55,"13","19"
"42279","Male","Never married and never in civil partnership","Good",20,50,"9","16"
"42280","Male","Married","Fair",35,55,"16","38"
"42281","Male","Married","Very good",22,55,"13","28"
"42282","Male","Never married and never in civil partnership","Very good",20,50,"11","17"
"42283","Female","Married","Fair",55,61,"6","70"
"42284","Male","Never married and never in civil partnership","Good",40,60,"11","25"
"42285","Male","Married","Good",50,60,"16","54"
"42286","Male","In a civil partnership","Fair",35,55,"15","43"
"42287","Male","Never married and never in civil partnership","Fair",35,65,"17","24"
"42288","Female","Never married and never in civil partnership","Good",30,60,"14","21"
"42289","Male","Married","Fair",34,50,"18","43"
"42290","Female","Married","Fair",40,60,"16","42"
"42291","Male","Married","Fair",40,50,"8","34"
"42292","Female","Never married and never in civil partnership","Good",30,55,"14","20"
"42293","Female","Never married and never in civil partnership","Good",40,75,"18","38"
"42294","Male","Never married and never in civil partnership","Good",40,60,"12","19"
"42295","Male","Married","Good",60,70,"13","44"
"42296","Male","Never married and never in civil partnership","Good",60,70,"11","18"
"42297","Female","Married","Fair",45,60,"8","58"
"42298","Female","Married","Good",40,65,"18","41"
"42299","Female","Never married and never in civil partnership","Very good",30,60,"9","43"
"42300","Female","Divorced","Good",65,80,"15","70"
"42301","Male","Never married and never in civil partnership","Very good",50,70,"13","53"
"42302","Male","Married","Good",60,65,"8","61"
